<?xml version='1.0' encoding='UTF-8'?>
<?artifactRepository version='1.1.0'?>
<repository name='file:/C:/Users/ashgoya2/AnypointStudio/research/wordpress-connector/target/update-site/ - artifacts' type='org.eclipse.equinox.p2.artifact.repository.simpleRepository' version='1'>
  <properties size='2'>
    <property name='p2.timestamp' value='1505617885848'/>
    <property name='p2.compressed' value='false'/>
  </properties>
  <mappings size='3'>
    <rule filter='(&amp; (classifier=osgi.bundle))' output='${repoUrl}/plugins/${id}_${version}.jar'/>
    <rule filter='(&amp; (classifier=binary))' output='${repoUrl}/binary/${id}_${version}'/>
    <rule filter='(&amp; (classifier=org.eclipse.update.feature))' output='${repoUrl}/features/${id}_${version}.jar'/>
  </mappings>
  <artifacts size='2'>
    <artifact classifier='org.eclipse.update.feature' id='org.mule.tooling.ui.extension.wordpress-connector.3.5.0' version='1.0.0.201709162011'>
      <properties size='4'>
        <property name='artifact.size' value='650'/>
        <property name='download.size' value='650'/>
        <property name='download.md5' value='6236dd636b0e3d7ff83a67f6d8bfc352'/>
        <property name='download.contentType' value='application/zip'/>
      </properties>
    </artifact>
    <artifact classifier='osgi.bundle' id='org.mule.tooling.ui.contribution.rest.3.5.0' version='1.0.0.201709162011'>
      <properties size='3'>
        <property name='artifact.size' value='331120'/>
        <property name='download.size' value='331120'/>
        <property name='download.md5' value='dbb93f6c6ea2956bf2cd452f97ecf8b9'/>
      </properties>
    </artifact>
  </artifacts>
</repository>
